CAP;Zona
00010;EU
00012;EU
00013;EU
00015;EU
00017;EU
00018;EU
00019;EU
00020;EU
00021;EU
00022;EU
00023;EU
00024;EU
00025;EU
00026;EU
00027;EU
00028;EU
00029;EU
00030;EU
00031;EU
00032;EU
00033;EU
00034;EU
00035;EU
00036;EU
00037;EU
00038;EU
00039;EU
00040;EU
00041;EU
00042;EU
00043;EU
00044;EU
00045;EU
00046;EU
00047;EU
00048;EU
00049;EU
00051;EU
00052;EU
00053;EU
00054;EU
00055;EU
00058;EU
00059;EU
00060;EU
00061;EU
00062;EU
00063;EU
00065;EU
00066;EU
00067;EU
00068;EU
00069;EU
00071;EU
00072;EU
00073;EU
00074;EU
00075;EU
00076;EU
00077;EU
00078;EU
00079;EU
00118;AM
00119;AM
00121;AM
00122;AM
00123;AM
00124;AM
00125;AM
00126;AM
00127;AM
00128;AM
00131;AM
00132;AM
00133;AM
00134;AM
00135;AM
00136;AM
00137;AM
00138;AM
00139;AM
00141;AM
00142;AM
00143;AM
00144;AM
00145;AM
00146;AM
00147;AM
00148;AM
00149;AM
00151;AM
00152;AM
00153;AM
00154;AM
00155;AM
00156;AM
00157;AM
00158;AM
00159;AM
00161;AM
00162;AM
00163;AM
00164;AM
00165;AM
00166;AM
00167;AM
00168;AM
00169;AM
00171;AM
00172;AM
00173;AM
00174;AM
00175;AM
00176;AM
00177;AM
00178;AM
00179;AM
00181;AM
00182;AM
00183;AM
00184;AM
00185;AM
00186;AM
00187;AM
00188;AM
00189;AM
00191;AM
00192;AM
00193;AM
00195;AM
00196;AM
00197;AM
00198;AM
00199;AM
01010;EU
01011;EU
01012;EU
01014;EU
01015;EU
01016;EU
01017;EU
01018;EU
01019;EU
01020;EU
01021;EU
01022;EU
01023;EU
01024;EU
01025;EU
01027;EU
01028;EU
01030;EU
01032;EU
01033;EU
01034;EU
01035;EU
01036;EU
01037;EU
01038;EU
01039;EU
01100;CP
02010;EU
02011;EU
02012;EU
02013;EU
02014;EU
02015;EU
02016;EU
02018;EU
02019;EU
02020;EU
02021;EU
02022;EU
02023;EU
02024;EU
02025;EU
02026;EU
02030;EU
02031;EU
02032;EU
02033;EU
02034;EU
02035;EU
02037;EU
02038;EU
02039;EU
02040;EU
02041;EU
02042;EU
02043;EU
02044;EU
02045;EU
02046;EU
02047;EU
02048;EU
02049;EU
02100;CP
03010;EU
03011;EU
03012;EU
03013;EU
03014;EU
03016;EU
03017;EU
03018;EU
03019;EU
03020;EU
03021;EU
03022;EU
03023;EU
03024;EU
03025;EU
03026;EU
03027;EU
03028;EU
03029;EU
03030;EU
03031;EU
03032;EU
03033;EU
03034;EU
03035;EU
03036;EU
03037;EU
03038;EU
03039;EU
03040;EU
03041;EU
03042;EU
03043;EU
03044;EU
03045;EU
03046;EU
03047;EU
03048;EU
03049;EU
03100;CP
04010;EU
04011;EU
04012;EU
04013;EU
04014;EU
04015;EU
04016;EU
04017;EU
04018;EU
04019;EU
04020;EU
04021;EU
04022;EU
04023;EU
04024;EU
04025;EU
04026;EU
04027;EU
04029;EU
04031;EU
04100;CP
05010;EU
05011;EU
05012;EU
05013;EU
05014;EU
05015;EU
05016;EU
05017;EU
05018;EU
05020;EU
05021;EU
05022;EU
05023;EU
05024;EU
05025;EU
05026;EU
05028;EU
05029;EU
05030;EU
05031;EU
05032;EU
05034;EU
05035;EU
05039;EU
05100;CP
06010;EU
06012;EU
06014;EU
06016;EU
06018;EU
06019;EU
06021;EU
06022;EU
06023;EU
06024;EU
06025;EU
06026;EU
06027;EU
06028;EU
06029;EU
06030;EU
06031;EU
06033;EU
06034;EU
06035;EU
06036;EU
06038;EU
06039;EU
06040;EU
06041;EU
06042;EU
06043;EU
06044;EU
06045;EU
06046;EU
06047;EU
06049;EU
06050;EU
06051;EU
06053;EU
06054;EU
06055;EU
06056;EU
06057;EU
06059;EU
06060;EU
06061;EU
06062;EU
06063;EU
06064;EU
06065;EU
06066;EU
06068;EU
06069;EU
06072;EU
06073;EU
06081;EU
06083;EU
06084;EU
06089;EU
06121;CP
06122;CP
06123;CP
06124;CP
06125;CP
06126;CP
06127;CP
06128;CP
06129;CP
06131;CP
06132;CP
06133;CP
06134;CP
06135;CP
07010;EU
07011;EU
07012;EU
07013;EU
07014;EU
07015;EU
07016;EU
07017;EU
07018;EU
07019;EU
07020;EU
07021;EU
07022;EU
07023;EU
07024;EU
07025;EU
07026;EU
07027;EU
07028;EU
07029;EU
07030;EU
07031;EU
07032;EU
07033;EU
07034;EU
07035;EU
07036;EU
07037;EU
07038;EU
07039;EU
07040;EU
07041;EU
07043;EU
07044;EU
07045;EU
07046;EU
07047;EU
07048;EU
07049;EU
07051;EU
07052;EU
07100;CP
08010;EU
08011;EU
08012;EU
08015;EU
08016;EU
08017;EU
08018;EU
08020;EU
08021;EU
08022;EU
08023;EU
08024;EU
08025;EU
08026;EU
08027;EU
08028;EU
08029;EU
08030;EU
08031;EU
08032;EU
08036;EU
08038;EU
08039;EU
08040;EU
08042;EU
08044;EU
08045;EU
08046;EU
08047;EU
08048;EU
08049;EU
08100;CP
09010;EU
09011;EU
09012;EU
09013;EU
09014;EU
09015;EU
09016;EU
09017;EU
09018;EU
09019;EU
09020;EU
09021;EU
09022;EU
09023;EU
09024;EU
09025;EU
09026;EU
09027;EU
09028;EU
09029;EU
09030;EU
09031;EU
09032;EU
09033;EU
09034;EU
09035;EU
09036;EU
09037;EU
09038;EU
09039;EU
09040;EU
09041;EU
09042;EU
09043;EU
09044;EU
09045;EU
09047;EU
09048;EU
09049;EU
09050;EU
09051;EU
09052;EU
09053;EU
09054;EU
09055;EU
09056;EU
09057;EU
09058;EU
09059;EU
09060;EU
09061;EU
09062;EU
09063;EU
09064;EU
09065;EU
09066;EU
09067;EU
09068;EU
09069;EU
09070;EU
09071;EU
09072;EU
09073;EU
09074;EU
09075;EU
09076;EU
09077;EU
09078;EU
09079;EU
09080;EU
09081;EU
09082;EU
09083;EU
09084;EU
09085;EU
09086;EU
09088;EU
09089;EU
09090;EU
09091;EU
09092;EU
09093;EU
09094;EU
09095;EU
09096;EU
09097;EU
09098;EU
09099;EU
09121;CP
09122;CP
09123;CP
09124;CP
09125;CP
09126;CP
09127;CP
09128;CP
09129;CP
09131;CP
09134;CP
09170;CP
10010;EU
10011;EU
10012;EU
10013;EU
10014;EU
10015;EU
10016;EU
10017;EU
10018;EU
10019;EU
10020;EU
10022;EU
10023;EU
10024;EU
10025;EU
10026;EU
10028;EU
10029;EU
10030;EU
10031;EU
10032;EU
10034;EU
10035;EU
10036;EU
10037;EU
10038;EU
10039;EU
10040;EU
10041;EU
10042;EU
10043;EU
10044;EU
10045;EU
10046;EU
10048;EU
10050;EU
10051;EU
10052;EU
10053;EU
10054;EU
10055;EU
10056;EU
10057;EU
10058;EU
10059;EU
10060;EU
10061;EU
10062;EU
10063;EU
10064;EU
10065;EU
10066;EU
10067;EU
10068;EU
10069;EU
10070;EU
10071;EU
10072;EU
10073;EU
10074;EU
10075;EU
10076;EU
10077;EU
10078;EU
10079;EU
10080;EU
10081;EU
10082;EU
10083;EU
10084;EU
10085;EU
10086;EU
10087;EU
10088;EU
10089;EU
10090;EU
10091;EU
10092;EU
10093;EU
10094;EU
10095;EU
10098;EU
10099;EU
10121;AM
10122;AM
10123;AM
10124;AM
10125;AM
10126;AM
10127;AM
10128;AM
10129;AM
10131;AM
10132;AM
10133;AM
10134;AM
10135;AM
10136;AM
10137;AM
10138;AM
10139;AM
10141;AM
10142;AM
10143;AM
10144;AM
10145;AM
10146;AM
10147;AM
10148;AM
10149;AM
10151;AM
10152;AM
10153;AM
10154;AM
10155;AM
10156;AM
11010;EU
11011;EU
11012;EU
11013;EU
11014;EU
11015;EU
11016;EU
11017;EU
11018;EU
11020;EU
11021;EU
11022;EU
11023;EU
11024;EU
11025;EU
11026;EU
11027;EU
11028;EU
11029;EU
11100;CP
12010;EU
12011;EU
12012;EU
12013;EU
12014;EU
12015;EU
12016;EU
12017;EU
12018;EU
12019;EU
12020;EU
12021;EU
12022;EU
12023;EU
12024;EU
12025;EU
12026;EU
12027;EU
12028;EU
12029;EU
12030;EU
12031;EU
12032;EU
12033;EU
12034;EU
12035;EU
12036;EU
12037;EU
12038;EU
12039;EU
12040;EU
12041;EU
12042;EU
12043;EU
12044;EU
12045;EU
12046;EU
12047;EU
12048;EU
12049;EU
12050;EU
12051;EU
12052;EU
12053;EU
12054;EU
12055;EU
12056;EU
12058;EU
12060;EU
12061;EU
12062;EU
12063;EU
12064;EU
12065;EU
12066;EU
12068;EU
12069;EU
12070;EU
12071;EU
12072;EU
12073;EU
12074;EU
12075;EU
12076;EU
12077;EU
12078;EU
12079;EU
12080;EU
12081;EU
12082;EU
12083;EU
12084;EU
12087;EU
12088;EU
12089;EU
12100;CP
13010;EU
13011;EU
13012;EU
13017;EU
13018;EU
13019;EU
13020;EU
13021;EU
13022;EU
13023;EU
13024;EU
13025;EU
13026;EU
13027;EU
13028;EU
13029;EU
13030;EU
13031;EU
13032;EU
13033;EU
13034;EU
13035;EU
13036;EU
13037;EU
13038;EU
13039;EU
13040;EU
13041;EU
13043;EU
13044;EU
13045;EU
13046;EU
13047;EU
13048;EU
13049;EU
13060;EU
13100;CP
13811;EU
13812;EU
13814;EU
13815;EU
13816;EU
13817;EU
13818;EU
13821;EU
13823;EU
13824;EU
13831;EU
13833;EU
13835;EU
13836;EU
13841;EU
13843;EU
13844;EU
13845;EU
13847;EU
13848;EU
13851;EU
13853;EU
13854;EU
13855;EU
13856;EU
13861;EU
13862;EU
13863;EU
13864;EU
13865;EU
13866;EU
13867;EU
13868;EU
13871;EU
13872;EU
13873;EU
13874;EU
13875;EU
13876;EU
13877;EU
13878;EU
13881;EU
13882;EU
13883;EU
13884;EU
13885;EU
13886;EU
13887;EU
13888;EU
13891;EU
13893;EU
13894;EU
13895;EU
13896;EU
13897;EU
13898;EU
13899;EU
13900;CP
14010;EU
14011;EU
14012;EU
14013;EU
14014;EU
14015;EU
14016;EU
14017;EU
14018;EU
14019;EU
14020;EU
14021;EU
14022;EU
14023;EU
14024;EU
14025;EU
14026;EU
14030;EU
14031;EU
14032;EU
14033;EU
14034;EU
14035;EU
14036;EU
14037;EU
14039;EU
14040;EU
14041;EU
14042;EU
14043;EU
14044;EU
14045;EU
14046;EU
14047;EU
14048;EU
14049;EU
14050;EU
14051;EU
14052;EU
14053;EU
14054;EU
14055;EU
14057;EU
14058;EU
14059;EU
14100;CP
15010;EU
15011;EU
15012;EU
15013;EU
15015;EU
15016;EU
15017;EU
15018;EU
15019;EU
15020;EU
15021;EU
15022;EU
15023;EU
15024;EU
15025;EU
15026;EU
15027;EU
15028;EU
15029;EU
15030;EU
15031;EU
15032;EU
15033;EU
15034;EU
15035;EU
15036;EU
15037;EU
15038;EU
15039;EU
15040;EU
15041;EU
15042;EU
15043;EU
15044;EU
15045;EU
15046;EU
15047;EU
15048;EU
15049;EU
15050;EU
15051;EU
15052;EU
15053;EU
15054;EU
15055;EU
15056;EU
15057;EU
15058;EU
15059;EU
15060;EU
15061;EU
15062;EU
15063;EU
15064;EU
15065;EU
15066;EU
15067;EU
15068;EU
15069;EU
15070;EU
15071;EU
15072;EU
15073;EU
15074;EU
15075;EU
15076;EU
15077;EU
15078;EU
15079;EU
15121;CP
15122;CP
16010;EU
16011;EU
16012;EU
16013;EU
16014;EU
16015;EU
16016;EU
16017;EU
16018;EU
16019;EU
16020;EU
16021;EU
16022;EU
16023;EU
16024;EU
16025;EU
16026;EU
16027;EU
16028;EU
16029;EU
16030;EU
16031;EU
16032;EU
16033;EU
16034;EU
16035;EU
16036;EU
16038;EU
16039;EU
16040;EU
16041;EU
16042;EU
16043;EU
16044;EU
16045;EU
16046;EU
16047;EU
16048;EU
16049;EU
16121;AM
16122;AM
16123;AM
16124;AM
16125;AM
16126;AM
16127;AM
16128;AM
16129;AM
16131;AM
16132;AM
16133;AM
16134;AM
16135;AM
16136;AM
16137;AM
16138;AM
16139;AM
16141;AM
16142;AM
16143;AM
16144;AM
16145;AM
16146;AM
16147;AM
16148;AM
16149;AM
16151;AM
16152;AM
16153;AM
16154;AM
16155;AM
16156;AM
16157;AM
16158;AM
16159;AM
16161;AM
16162;AM
16163;AM
16164;AM
16165;AM
16166;AM
16167;AM
17010;EU
17011;EU
17012;EU
17013;EU
17014;EU
17015;EU
17017;EU
17019;EU
17020;EU
17021;EU
17022;EU
17023;EU
17024;EU
17025;EU
17026;EU
17027;EU
17028;EU
17030;EU
17031;EU
17032;EU
17033;EU
17034;EU
17035;EU
17037;EU
17038;EU
17039;EU
17040;EU
17041;EU
17042;EU
17043;EU
17044;EU
17045;EU
17046;EU
17047;EU
17048;EU
17051;EU
17052;EU
17053;EU
17054;EU
17055;EU
17056;EU
17057;EU
17058;EU
17100;CP
18010;EU
18011;EU
18012;EU
18013;EU
18014;EU
18015;EU
18016;EU
18017;EU
18018;EU
18019;EU
18020;EU
18021;EU
18022;EU
18023;EU
18024;EU
18025;EU
18026;EU
18027;EU
18028;EU
18030;EU
18031;EU
18032;EU
18033;EU
18034;EU
18035;EU
18036;EU
18037;EU
18038;EU
18039;EU
18100;CP
19010;EU
19011;EU
19012;EU
19013;EU
19014;EU
19015;EU
19016;EU
19017;EU
19018;EU
19020;EU
19021;EU
19025;EU
19028;EU
19031;EU
19032;EU
19033;EU
19034;EU
19037;EU
19038;EU
19121;CP
19122;CP
19123;CP
19124;CP
19125;CP
19126;CP
19131;CP
19132;CP
19133;CP
19134;CP
19135;CP
19136;CP
19137;CP
20001;EU
20002;EU
20003;EU
20004;EU
20005;EU
20006;EU
20007;EU
20008;EU
20009;EU
20010;EU
20011;EU
20012;EU
20013;EU
20014;EU
20015;EU
20016;EU
20017;EU
20018;EU
20019;EU
20020;EU
20021;EU
20022;EU
20023;EU
20024;EU
20025;EU
20026;EU
20027;EU
20028;EU
20029;EU
20030;EU
20031;EU
20032;EU
20033;EU
20034;EU
20035;EU
20036;EU
20037;EU
20038;EU
20039;EU
20040;EU
20041;EU
20042;EU
20043;EU
20044;EU
20045;EU
20046;EU
20047;EU
20048;EU
20049;EU
20050;EU
20051;EU
20052;EU
20053;EU
20054;EU
20055;EU
20056;EU
20057;EU
20058;EU
20059;EU
20060;EU
20061;EU
20062;EU
20063;EU
20064;EU
20065;EU
20066;EU
20067;EU
20068;EU
20069;EU
20070;EU
20071;EU
20072;EU
20073;EU
20074;EU
20075;EU
20076;EU
20077;EU
20078;EU
20079;EU
20080;EU
20081;EU
20082;EU
20083;EU
20084;EU
20085;EU
20086;EU
20087;EU
20088;EU
20089;EU
20090;EU
20091;EU
20092;EU
20093;EU
20094;EU
20095;EU
20096;EU
20097;EU
20098;EU
20099;EU
20121;AM
20122;AM
20123;AM
20124;AM
20125;AM
20126;AM
20127;AM
20128;AM
20129;AM
20131;AM
20132;AM
20133;AM
20134;AM
20135;AM
20136;AM
20137;AM
20138;AM
20139;AM
20141;AM
20142;AM
20143;AM
20144;AM
20145;AM
20146;AM
20147;AM
20148;AM
20149;AM
20151;AM
20152;AM
20153;AM
20154;AM
20155;AM
20156;AM
20157;AM
20158;AM
20159;AM
20161;AM
20162;AM
20811;EU
20812;EU
20813;EU
20814;EU
20815;EU
20816;EU
20821;EU
20822;EU
20823;EU
20824;EU
20825;EU
20826;EU
20831;EU
20832;EU
20833;EU
20834;EU
20835;EU
20836;EU
20837;EU
20838;EU
20841;EU
20842;EU
20843;EU
20844;EU
20845;EU
20846;EU
20847;EU
20851;EU
20852;EU
20853;EU
20854;EU
20855;EU
20856;EU
20857;EU
20861;EU
20862;EU
20863;EU
20864;EU
20865;EU
20866;EU
20867;EU
20871;EU
20872;EU
20873;EU
20874;EU
20875;EU
20876;EU
20877;EU
20881;EU
20882;EU
20883;EU
20884;EU
20885;EU
20886;EU
20900;CP
21010;EU
21011;EU
21012;EU
21013;EU
21014;EU
21015;EU
21016;EU
21017;EU
21018;EU
21019;EU
21020;EU
21021;EU
21022;EU
21023;EU
21024;EU
21025;EU
21026;EU
21027;EU
21028;EU
21029;EU
21030;EU
21031;EU
21032;EU
21033;EU
21034;EU
21035;EU
21036;EU
21037;EU
21038;EU
21039;EU
21040;EU
21041;EU
21042;EU
21043;EU
21044;EU
21045;EU
21046;EU
21047;EU
21048;EU
21049;EU
21050;EU
21051;EU
21052;EU
21053;EU
21054;EU
21055;EU
21056;EU
21057;EU
21058;EU
21059;EU
21061;EU
21062;EU
21100;CP
22010;EU
22011;EU
22012;EU
22013;EU
22014;EU
22015;EU
22016;EU
22017;EU
22018;EU
22019;EU
22020;EU
22021;EU
22023;EU
22024;EU
22025;EU
22026;EU
22027;EU
22028;EU
22029;EU
22030;EU
22031;EU
22032;EU
22033;EU
22034;EU
22035;EU
22036;EU
22037;EU
22038;EU
22039;EU
22040;EU
22041;EU
22042;EU
22043;EU
22044;EU
22045;EU
22046;EU
22060;EU
22061;EU
22063;EU
22066;EU
22069;EU
22070;EU
22071;EU
22072;EU
22073;EU
22074;EU
22075;EU
22076;EU
22077;EU
22078;EU
22079;EU
22100;CP
23009;EU
23010;EU
23011;EU
23012;EU
23013;EU
23014;EU
23015;EU
23016;EU
23017;EU
23018;EU
23019;EU
23020;EU
23021;EU
23022;EU
23023;EU
23024;EU
23025;EU
23026;EU
23027;EU
23029;EU
23030;EU
23031;EU
23032;EU
23033;EU
23034;EU
23035;EU
23036;EU
23037;EU
23038;EU
23041;EU
23100;CP
23801;EU
23802;EU
23804;EU
23805;EU
23807;EU
23808;EU
23811;EU
23813;EU
23814;EU
23815;EU
23816;EU
23817;EU
23818;EU
23819;EU
23821;EU
23822;EU
23823;EU
23824;EU
23825;EU
23826;EU
23827;EU
23828;EU
23829;EU
23831;EU
23832;EU
23833;EU
23834;EU
23835;EU
23836;EU
23837;EU
23841;EU
23842;EU
23843;EU
23844;EU
23845;EU
23846;EU
23847;EU
23848;EU
23849;EU
23851;EU
23852;EU
23854;EU
23855;EU
23857;EU
23861;EU
23862;EU
23864;EU
23865;EU
23867;EU
23868;EU
23870;EU
23871;EU
23873;EU
23874;EU
23875;EU
23876;EU
23877;EU
23878;EU
23879;EU
23880;EU
23881;EU
23883;EU
23884;EU
23885;EU
23886;EU
23887;EU
23888;EU
23889;EU
23890;EU
23891;EU
23892;EU
23893;EU
23894;EU
23895;EU
23896;EU
23897;EU
23898;EU
23899;EU
23900;CP
24010;EU
24011;EU
24012;EU
24013;EU
24014;EU
24015;EU
24016;EU
24017;EU
24018;EU
24019;EU
24020;EU
24021;EU
24022;EU
24023;EU
24024;EU
24025;EU
24026;EU
24027;EU
24028;EU
24029;EU
24030;EU
24031;EU
24032;EU
24033;EU
24034;EU
24035;EU
24036;EU
24037;EU
24038;EU
24039;EU
24040;EU
24041;EU
24042;EU
24043;EU
24044;EU
24045;EU
24046;EU
24047;EU
24048;EU
24049;EU
24050;EU
24051;EU
24052;EU
24053;EU
24054;EU
24055;EU
24056;EU
24057;EU
24058;EU
24059;EU
24060;EU
24061;EU
24062;EU
24063;EU
24064;EU
24065;EU
24066;EU
24067;EU
24068;EU
24069;EU
24121;CP
24122;CP
24123;CP
24124;CP
24125;CP
24126;CP
24127;CP
24128;CP
24129;CP
25010;EU
25011;EU
25012;EU
25013;EU
25014;EU
25015;EU
25016;EU
25017;EU
25018;EU
25019;EU
25020;EU
25021;EU
25022;EU
25023;EU
25024;EU
25025;EU
25026;EU
25027;EU
25028;EU
25029;EU
25030;EU
25031;EU
25032;EU
25033;EU
25034;EU
25035;EU
25036;EU
25037;EU
25038;EU
25039;EU
25040;EU
25042;EU
25043;EU
25044;EU
25045;EU
25046;EU
25047;EU
25048;EU
25049;EU
25050;EU
25051;EU
25052;EU
25053;EU
25054;EU
25055;EU
25056;EU
25057;EU
25058;EU
25059;EU
25060;EU
25061;EU
25062;EU
25063;EU
25064;EU
25065;EU
25068;EU
25069;EU
25070;EU
25071;EU
25072;EU
25073;EU
25074;EU
25075;EU
25076;EU
25077;EU
25078;EU
25079;EU
25080;EU
25081;EU
25082;EU
25083;EU
25084;EU
25085;EU
25086;EU
25087;EU
25088;EU
25089;EU
25121;CP
25122;CP
25123;CP
25124;CP
25125;CP
25126;CP
25127;CP
25128;CP
25129;CP
25131;CP
25132;CP
25133;CP
25134;CP
25135;CP
25136;CP
26010;EU
26011;EU
26012;EU
26013;EU
26014;EU
26015;EU
26016;EU
26017;EU
26018;EU
26019;EU
26020;EU
26021;EU
26022;EU
26023;EU
26024;EU
26025;EU
26026;EU
26027;EU
26028;EU
26029;EU
26030;EU
26031;EU
26032;EU
26033;EU
26034;EU
26035;EU
26036;EU
26037;EU
26038;EU
26039;EU
26040;EU
26041;EU
26042;EU
26043;EU
26044;EU
26045;EU
26046;EU
26047;EU
26048;EU
26049;EU
26100;CP
26811;EU
26812;EU
26813;EU
26814;EU
26815;EU
26816;EU
26817;EU
26818;EU
26821;EU
26822;EU
26823;EU
26824;EU
26825;EU
26826;EU
26827;EU
26828;EU
26831;EU
26832;EU
26833;EU
26834;EU
26835;EU
26836;EU
26837;EU
26838;EU
26839;EU
26841;EU
26842;EU
26843;EU
26844;EU
26845;EU
26846;EU
26847;EU
26848;EU
26849;EU
26851;EU
26852;EU
26853;EU
26854;EU
26855;EU
26856;EU
26857;EU
26858;EU
26859;EU
26861;EU
26862;EU
26863;EU
26864;EU
26865;EU
26866;EU
26867;EU
26900;CP
27010;EU
27011;EU
27012;EU
27013;EU
27014;EU
27015;EU
27016;EU
27017;EU
27018;EU
27019;EU
27020;EU
27021;EU
27022;EU
27023;EU
27024;EU
27025;EU
27026;EU
27027;EU
27028;EU
27029;EU
27030;EU
27031;EU
27032;EU
27033;EU
27034;EU
27035;EU
27036;EU
27037;EU
27038;EU
27039;EU
27040;EU
27041;EU
27042;EU
27043;EU
27044;EU
27045;EU
27046;EU
27047;EU
27048;EU
27049;EU
27050;EU
27051;EU
27052;EU
27053;EU
27054;EU
27055;EU
27056;EU
27057;EU
27058;EU
27059;EU
27061;EU
27062;EU
27100;CP
28010;EU
28011;EU
28012;EU
28013;EU
28014;EU
28015;EU
28016;EU
28017;EU
28019;EU
28021;EU
28024;EU
28028;EU
28040;EU
28041;EU
28043;EU
28045;EU
28046;EU
28047;EU
28050;EU
28053;EU
28060;EU
28061;EU
28062;EU
28064;EU
28065;EU
28066;EU
28068;EU
28069;EU
28070;EU
28071;EU
28072;EU
28073;EU
28074;EU
28075;EU
28076;EU
28077;EU
28078;EU
28079;EU
28100;CP
28801;EU
28802;EU
28803;EU
28804;EU
28805;EU
28811;EU
28812;EU
28813;EU
28814;EU
28815;EU
28816;EU
28817;EU
28818;EU
28819;EU
28821;EU
28822;EU
28823;EU
28824;EU
28826;EU
28827;EU
28828;EU
28831;EU
28832;EU
28833;EU
28836;EU
28838;EU
28841;EU
28842;EU
28843;EU
28844;EU
28845;EU
28846;EU
28851;EU
28852;EU
28853;EU
28854;EU
28855;EU
28856;EU
28857;EU
28858;EU
28859;EU
28861;EU
28862;EU
28863;EU
28864;EU
28865;EU
28866;EU
28868;EU
28871;EU
28873;EU
28875;EU
28876;EU
28877;EU
28879;EU
28881;EU
28883;EU
28884;EU
28885;EU
28886;EU
28887;EU
28891;EU
28893;EU
28894;EU
28895;EU
28896;EU
28897;EU
28898;EU
28899;EU
28921;CP
28922;CP
28923;CP
28924;CP
28925;CP
29010;EU
29011;EU
29012;EU
29013;EU
29014;EU
29015;EU
29016;EU
29017;EU
29018;EU
29019;EU
29020;EU
29021;EU
29022;EU
29023;EU
29024;EU
29025;EU
29026;EU
29027;EU
29028;EU
29029;EU
29031;EU
29121;CP
29122;CP
30010;EU
30013;EU
30014;EU
30015;EU
30016;EU
30020;EU
30021;EU
30022;EU
30023;EU
30024;EU
30025;EU
30026;EU
30027;EU
30028;EU
30029;EU
30030;EU
30031;EU
30032;EU
30033;EU
30034;EU
30035;EU
30036;EU
30037;EU
30038;EU
30039;EU
30121;AM
30122;AM
30123;AM
30124;AM
30125;AM
30126;AM
30132;AM
30133;AM
30135;AM
30141;AM
30142;AM
30171;AM
30172;AM
30173;AM
30174;AM
30175;AM
30176;AM
31010;EU
31011;EU
31012;EU
31013;EU
31014;EU
31015;EU
31016;EU
31017;EU
31018;EU
31020;EU
31021;EU
31022;EU
31023;EU
31024;EU
31025;EU
31026;EU
31027;EU
31028;EU
31029;EU
31030;EU
31031;EU
31032;EU
31033;EU
31034;EU
31035;EU
31036;EU
31037;EU
31038;EU
31039;EU
31040;EU
31041;EU
31042;EU
31043;EU
31044;EU
31045;EU
31046;EU
31047;EU
31048;EU
31049;EU
31050;EU
31051;EU
31052;EU
31053;EU
31054;EU
31055;EU
31056;EU
31057;EU
31058;EU
31059;EU
31100;CP
32010;EU
32012;EU
32013;EU
32014;EU
32016;EU
32020;EU
32021;EU
32022;EU
32023;EU
32026;EU
32027;EU
32030;EU
32031;EU
32032;EU
32033;EU
32034;EU
32035;EU
32036;EU
32037;EU
32038;EU
32040;EU
32041;EU
32042;EU
32043;EU
32044;EU
32045;EU
32046;EU
32100;CP
33010;EU
33011;EU
33012;EU
33013;EU
33014;EU
33015;EU
33016;EU
33017;EU
33018;EU
33019;EU
33020;EU
33021;EU
33022;EU
33023;EU
33024;EU
33025;EU
33026;EU
33027;EU
33028;EU
33029;EU
33030;EU
33031;EU
33032;EU
33033;EU
33034;EU
33035;EU
33036;EU
33037;EU
33038;EU
33039;EU
33040;EU
33041;EU
33042;EU
33043;EU
33044;EU
33045;EU
33046;EU
33047;EU
33048;EU
33049;EU
33050;EU
33051;EU
33052;EU
33053;EU
33054;EU
33055;EU
33056;EU
33057;EU
33058;EU
33059;EU
33061;EU
33070;EU
33072;EU
33074;EU
33075;EU
33076;EU
33077;EU
33078;EU
33079;EU
33080;EU
33081;EU
33082;EU
33083;EU
33084;EU
33085;EU
33086;EU
33087;EU
33090;EU
33092;EU
33094;EU
33095;EU
33097;EU
33098;EU
33099;EU
33100;CP
33170;CP
34010;EU
34011;EU
34015;EU
34016;EU
34018;EU
34070;EU
34071;EU
34072;EU
34073;EU
34074;EU
34075;EU
34076;EU
34077;EU
34078;EU
34079;EU
34121;CP
34122;CP
34123;CP
34124;CP
34125;CP
34126;CP
34127;CP
34128;CP
34129;CP
34131;CP
34132;CP
34133;CP
34134;CP
34135;CP
34136;CP
34137;CP
34138;CP
34139;CP
34141;CP
34142;CP
34143;CP
34144;CP
34145;CP
34146;CP
34147;CP
34148;CP
34149;CP
34151;CP
34170;CP
35010;EU
35011;EU
35012;EU
35013;EU
35014;EU
35015;EU
35016;EU
35017;EU
35018;EU
35019;EU
35020;EU
35021;EU
35022;EU
35023;EU
35024;EU
35025;EU
35026;EU
35027;EU
35028;EU
35029;EU
35030;EU
35031;EU
35032;EU
35034;EU
35035;EU
35036;EU
35037;EU
35038;EU
35040;EU
35041;EU
35042;EU
35043;EU
35044;EU
35045;EU
35046;EU
35047;EU
35048;EU
35049;EU
35121;CP
35122;CP
35123;CP
35124;CP
35125;CP
35126;CP
35127;CP
35128;CP
35129;CP
35131;CP
35132;CP
35133;CP
35134;CP
35135;CP
35136;CP
35137;CP
35138;CP
35139;CP
35141;CP
35142;CP
35143;CP
36010;EU
36011;EU
36012;EU
36013;EU
36014;EU
36015;EU
36016;EU
36020;EU
36021;EU
36022;EU
36023;EU
36024;EU
36025;EU
36026;EU
36027;EU
36028;EU
36029;EU
36030;EU
36031;EU
36032;EU
36033;EU
36034;EU
36035;EU
36036;EU
36040;EU
36042;EU
36043;EU
36044;EU
36045;EU
36046;EU
36047;EU
36048;EU
36049;EU
36050;EU
36051;EU
36052;EU
36053;EU
36054;EU
36055;EU
36056;EU
36057;EU
36060;EU
36061;EU
36063;EU
36064;EU
36065;EU
36066;EU
36070;EU
36071;EU
36072;EU
36073;EU
36075;EU
36076;EU
36077;EU
36078;EU
36100;CP
37010;EU
37011;EU
37012;EU
37013;EU
37014;EU
37015;EU
37016;EU
37017;EU
37018;EU
37019;EU
37020;EU
37021;EU
37022;EU
37023;EU
37024;EU
37026;EU
37028;EU
37029;EU
37030;EU
37031;EU
37032;EU
37035;EU
37036;EU
37038;EU
37039;EU
37040;EU
37041;EU
37042;EU
37043;EU
37044;EU
37045;EU
37046;EU
37047;EU
37049;EU
37050;EU
37051;EU
37052;EU
37053;EU
37054;EU
37055;EU
37056;EU
37057;EU
37058;EU
37059;EU
37060;EU
37062;EU
37063;EU
37064;EU
37066;EU
37067;EU
37068;EU
37069;EU
37121;CP
37122;CP
37123;CP
37124;CP
37125;CP
37126;CP
37127;CP
37128;CP
37129;CP
37131;CP
37132;CP
37133;CP
37134;CP
37135;CP
37136;CP
37137;CP
37138;CP
37139;CP
37141;CP
37142;CP
38010;EU
38011;EU
38012;EU
38013;EU
38015;EU
38016;EU
38017;EU
38018;EU
38019;EU
38020;EU
38022;EU
38023;EU
38024;EU
38025;EU
38026;EU
38027;EU
38028;EU
38029;EU
38030;EU
38031;EU
38032;EU
38033;EU
38034;EU
38035;EU
38036;EU
38037;EU
38038;EU
38040;EU
38041;EU
38042;EU
38043;EU
38045;EU
38046;EU
38047;EU
38048;EU
38049;EU
38050;EU
38051;EU
38052;EU
38053;EU
38054;EU
38055;EU
38056;EU
38057;EU
38059;EU
38060;EU
38061;EU
38062;EU
38063;EU
38064;EU
38065;EU
38066;EU
38067;EU
38068;EU
38069;EU
38070;EU
38071;EU
38073;EU
38074;EU
38075;EU
38076;EU
38077;EU
38078;EU
38079;EU
38080;EU
38082;EU
38083;EU
38085;EU
38086;EU
38087;EU
38088;EU
38089;EU
38091;EU
38092;EU
38093;EU
38094;EU
38095;EU
38096;EU
38097;EU
38098;EU
38099;EU
38121;CP
38122;CP
38123;CP
39010;EU
39011;EU
39012;EU
39013;EU
39014;EU
39015;EU
39016;EU
39017;EU
39018;EU
39019;EU
39020;EU
39021;EU
39022;EU
39023;EU
39024;EU
39025;EU
39026;EU
39027;EU
39028;EU
39029;EU
39030;EU
39031;EU
39032;EU
39033;EU
39034;EU
39035;EU
39036;EU
39037;EU
39038;EU
39039;EU
39040;EU
39041;EU
39042;EU
39043;EU
39044;EU
39045;EU
39046;EU
39047;EU
39048;EU
39049;EU
39050;EU
39051;EU
39052;EU
39053;EU
39054;EU
39055;EU
39056;EU
39057;EU
39058;EU
39100;CP
40010;EU
40011;EU
40012;EU
40013;EU
40014;EU
40015;EU
40016;EU
40017;EU
40018;EU
40019;EU
40020;EU
40021;EU
40022;EU
40023;EU
40024;EU
40025;EU
40026;EU
40027;EU
40030;EU
40032;EU
40033;EU
40034;EU
40035;EU
40036;EU
40037;EU
40038;EU
40041;EU
40042;EU
40043;EU
40046;EU
40048;EU
40050;EU
40051;EU
40052;EU
40053;EU
40054;EU
40055;EU
40056;EU
40057;EU
40059;EU
40060;EU
40061;EU
40062;EU
40063;EU
40064;EU
40065;EU
40066;EU
40067;EU
40068;EU
40069;EU
40121;AM
40122;AM
40123;AM
40124;AM
40125;AM
40126;AM
40127;AM
40128;AM
40129;AM
40131;AM
40132;AM
40133;AM
40134;AM
40135;AM
40136;AM
40137;AM
40138;AM
40139;AM
40141;AM
41011;EU
41012;EU
41013;EU
41014;EU
41015;EU
41016;EU
41017;EU
41018;EU
41019;EU
41020;EU
41021;EU
41022;EU
41023;EU
41025;EU
41026;EU
41027;EU
41028;EU
41029;EU
41030;EU
41031;EU
41032;EU
41033;EU
41034;EU
41035;EU
41036;EU
41037;EU
41038;EU
41039;EU
41040;EU
41042;EU
41043;EU
41044;EU
41045;EU
41046;EU
41048;EU
41049;EU
41051;EU
41052;EU
41053;EU
41054;EU
41055;EU
41056;EU
41057;EU
41058;EU
41059;EU
41121;CP
41122;CP
41123;CP
41124;CP
41125;CP
41126;CP
42010;EU
42011;EU
42012;EU
42013;EU
42014;EU
42015;EU
42016;EU
42017;EU
42018;EU
42019;EU
42020;EU
42021;EU
42022;EU
42023;EU
42024;EU
42025;EU
42026;EU
42027;EU
42028;EU
42030;EU
42031;EU
42032;EU
42033;EU
42034;EU
42035;EU
42040;EU
42041;EU
42042;EU
42043;EU
42044;EU
42045;EU
42046;EU
42047;EU
42048;EU
42049;EU
42121;CP
42122;CP
42123;CP
42124;CP
43010;EU
43011;EU
43012;EU
43013;EU
43014;EU
43015;EU
43016;EU
43017;EU
43018;EU
43019;EU
43021;EU
43022;EU
43024;EU
43025;EU
43028;EU
43029;EU
43030;EU
43032;EU
43035;EU
43036;EU
43037;EU
43038;EU
43039;EU
43040;EU
43041;EU
43042;EU
43043;EU
43044;EU
43045;EU
43046;EU
43047;EU
43048;EU
43049;EU
43050;EU
43051;EU
43052;EU
43053;EU
43056;EU
43058;EU
43059;EU
43121;CP
43122;CP
43123;CP
43124;CP
43125;CP
43126;CP
44011;EU
44012;EU
44015;EU
44019;EU
44020;EU
44021;EU
44022;EU
44023;EU
44026;EU
44027;EU
44028;EU
44029;EU
44033;EU
44034;EU
44037;EU
44039;EU
44041;EU
44042;EU
44045;EU
44047;EU
44049;EU
44121;CP
44122;CP
44123;CP
44124;CP
45010;EU
45011;EU
45012;EU
45014;EU
45015;EU
45017;EU
45018;EU
45019;EU
45020;EU
45021;EU
45022;EU
45023;EU
45024;EU
45025;EU
45026;EU
45027;EU
45030;EU
45031;EU
45032;EU
45033;EU
45034;EU
45035;EU
45036;EU
45037;EU
45038;EU
45039;EU
45100;CP
46010;EU
46011;EU
46012;EU
46013;EU
46014;EU
46017;EU
46018;EU
46019;EU
46020;EU
46021;EU
46023;EU
46024;EU
46025;EU
46026;EU
46027;EU
46028;EU
46029;EU
46030;EU
46031;EU
46032;EU
46033;EU
46034;EU
46035;EU
46036;EU
46037;EU
46039;EU
46040;EU
46041;EU
46042;EU
46043;EU
46044;EU
46045;EU
46046;EU
46047;EU
46048;EU
46049;EU
46051;EU
46100;CP
47010;EU
47011;EU
47012;EU
47013;EU
47014;EU
47015;EU
47016;EU
47017;EU
47018;EU
47019;EU
47020;EU
47021;EU
47025;EU
47027;EU
47028;EU
47030;EU
47032;EU
47034;EU
47035;EU
47039;EU
47042;EU
47043;EU
47121;CP
47122;CP
47521;EU
47522;EU
47814;EU
47822;EU
47824;EU
47826;EU
47832;EU
47833;EU
47834;EU
47835;EU
47836;EU
47837;EU
47838;EU
47841;EU
47842;EU
47843;EU
47853;EU
47854;EU
47855;EU
47861;EU
47862;EU
47863;EU
47864;EU
47865;EU
47866;EU
47867;EU
47868;EU
47869;EU
47921;CP
47922;CP
47923;CP
47924;CP
48011;EU
48012;EU
48013;EU
48014;EU
48015;EU
48017;EU
48018;EU
48020;EU
48022;EU
48024;EU
48025;EU
48026;EU
48027;EU
48031;EU
48032;EU
48033;EU
48034;EU
48121;CP
48122;CP
48123;CP
48124;CP
48125;CP
50012;EU
50013;EU
50014;EU
50018;EU
50019;EU
50022;EU
50023;EU
50025;EU
50026;EU
50027;EU
50028;EU
50031;EU
50032;EU
50033;EU
50034;EU
50035;EU
50036;EU
50037;EU
50038;EU
50039;EU
50041;EU
50050;EU
50051;EU
50052;EU
50053;EU
50054;EU
50055;EU
50056;EU
50058;EU
50059;EU
50060;EU
50061;EU
50062;EU
50063;EU
50064;EU
50065;EU
50066;EU
50067;EU
50068;EU
50121;AM
50122;AM
50123;AM
50124;AM
50125;AM
50126;AM
50127;AM
50129;AM
50131;AM
50132;AM
50133;AM
50134;AM
50135;AM
50136;AM
50137;AM
50139;AM
50141;AM
50142;AM
50143;AM
50144;AM
50145;AM
51010;EU
51011;EU
51012;EU
51013;EU
51015;EU
51016;EU
51017;EU
51018;EU
51019;EU
51020;EU
51024;EU
51028;EU
51031;EU
51034;EU
51035;EU
51036;EU
51037;EU
51039;EU
51100;CP
52010;EU
52011;EU
52014;EU
52015;EU
52016;EU
52017;EU
52018;EU
52019;EU
52020;EU
52021;EU
52022;EU
52024;EU
52025;EU
52026;EU
52027;EU
52028;EU
52029;EU
52031;EU
52032;EU
52033;EU
52035;EU
52036;EU
52037;EU
52038;EU
52041;EU
52043;EU
52044;EU
52045;EU
52046;EU
52047;EU
52048;EU
52100;CP
53011;EU
53012;EU
53013;EU
53014;EU
53015;EU
53016;EU
53017;EU
53018;EU
53019;EU
53020;EU
53021;EU
53022;EU
53023;EU
53024;EU
53025;EU
53026;EU
53027;EU
53030;EU
53031;EU
53034;EU
53035;EU
53036;EU
53037;EU
53040;EU
53041;EU
53042;EU
53043;EU
53045;EU
53047;EU
53048;EU
53049;EU
53100;CP
54010;EU
54011;EU
54012;EU
54013;EU
54014;EU
54015;EU
54016;EU
54021;EU
54023;EU
54026;EU
54027;EU
54028;EU
54029;EU
54033;EU
54035;EU
54038;EU
54100;CP
55010;EU
55011;EU
55012;EU
55013;EU
55014;EU
55015;EU
55016;EU
55018;EU
55019;EU
55020;EU
55021;EU
55022;EU
55023;EU
55025;EU
55027;EU
55030;EU
55031;EU
55032;EU
55033;EU
55034;EU
55035;EU
55036;EU
55038;EU
55039;EU
55040;EU
55041;EU
55042;EU
55045;EU
55047;EU
55049;EU
55051;EU
55054;EU
55060;EU
55061;EU
55062;EU
55064;EU
55100;CP
56010;EU
56011;EU
56012;EU
56017;EU
56019;EU
56020;EU
56021;EU
56022;EU
56023;EU
56024;EU
56025;EU
56028;EU
56029;EU
56030;EU
56031;EU
56032;EU
56033;EU
56034;EU
56035;EU
56036;EU
56037;EU
56038;EU
56040;EU
56041;EU
56042;EU
56043;EU
56044;EU
56045;EU
56046;EU
56048;EU
56121;CP
56122;CP
56123;CP
56124;CP
56125;CP
56126;CP
56127;CP
56128;CP
57014;EU
57016;EU
57017;EU
57020;EU
57021;EU
57022;EU
57023;EU
57025;EU
57027;EU
57028;EU
57030;EU
57031;EU
57032;EU
57033;EU
57034;EU
57036;EU
57037;EU
57038;EU
57121;CP
57122;CP
57123;CP
57124;CP
57125;CP
57126;CP
57127;CP
57128;CP
58010;EU
58011;EU
58012;EU
58014;EU
58015;EU
58017;EU
58018;EU
58019;EU
58020;EU
58022;EU
58023;EU
58024;EU
58025;EU
58026;EU
58027;EU
58031;EU
58033;EU
58034;EU
58036;EU
58037;EU
58038;EU
58042;EU
58043;EU
58044;EU
58045;EU
58051;EU
58053;EU
58054;EU
58055;EU
58100;CP
59011;EU
59013;EU
59015;EU
59016;EU
59021;EU
59024;EU
59025;EU
59026;EU
59100;CP
60010;EU
60011;EU
60012;EU
60013;EU
60015;EU
60018;EU
60019;EU
60020;EU
60021;EU
60022;EU
60024;EU
60025;EU
60026;EU
60027;EU
60030;EU
60031;EU
60033;EU
60034;EU
60035;EU
60036;EU
60037;EU
60038;EU
60039;EU
60040;EU
60041;EU
60043;EU
60044;EU
60048;EU
60121;CP
60122;CP
60123;CP
60124;CP
60125;CP
60126;CP
60127;CP
60128;CP
60129;CP
60131;CP
61010;EU
61011;EU
61012;EU
61013;EU
61020;EU
61021;EU
61022;EU
61023;EU
61024;EU
61025;EU
61026;EU
61028;EU
61029;EU
61030;EU
61032;EU
61033;EU
61034;EU
61036;EU
61037;EU
61038;EU
61039;EU
61040;EU
61041;EU
61042;EU
61043;EU
61044;EU
61045;EU
61046;EU
61047;EU
61048;EU
61049;EU
61121;CP
61122;CP
62010;EU
62011;EU
62012;EU
62014;EU
62015;EU
62017;EU
62018;EU
62019;EU
62020;EU
62021;EU
62022;EU
62024;EU
62025;EU
62026;EU
62027;EU
62028;EU
62029;EU
62031;EU
62032;EU
62034;EU
62035;EU
62036;EU
62038;EU
62039;EU
62100;CP
63061;EU
63062;EU
63063;EU
63064;EU
63065;EU
63066;EU
63067;EU
63068;EU
63069;EU
63071;EU
63072;EU
63073;EU
63074;EU
63075;EU
63076;EU
63077;EU
63078;EU
63079;EU
63081;EU
63082;EU
63083;EU
63084;EU
63085;EU
63086;EU
63087;EU
63088;EU
63091;EU
63092;EU
63093;EU
63094;EU
63095;EU
63096;EU
63100;CP
63811;EU
63812;EU
63813;EU
63814;EU
63815;EU
63816;EU
63821;EU
63822;EU
63823;EU
63824;EU
63825;EU
63826;EU
63827;EU
63828;EU
63831;EU
63832;EU
63833;EU
63834;EU
63835;EU
63836;EU
63837;EU
63838;EU
63839;EU
63841;EU
63842;EU
63843;EU
63844;EU
63845;EU
63846;EU
63847;EU
63848;EU
63851;EU
63852;EU
63853;EU
63854;EU
63855;EU
63856;EU
63857;EU
63858;EU
63900;CP
64010;EU
64011;EU
64012;EU
64013;EU
64014;EU
64015;EU
64016;EU
64018;EU
64020;EU
64021;EU
64023;EU
64024;EU
64025;EU
64026;EU
64027;EU
64028;EU
64030;EU
64031;EU
64032;EU
64033;EU
64034;EU
64035;EU
64036;EU
64037;EU
64039;EU
64040;EU
64041;EU
64042;EU
64043;EU
64044;EU
64045;EU
64046;EU
64047;EU
64049;EU
64100;CP
65010;EU
65011;EU
65012;EU
65013;EU
65014;EU
65015;EU
65017;EU
65019;EU
65020;EU
65022;EU
65023;EU
65024;EU
65025;EU
65026;EU
65027;EU
65028;EU
65029;EU
65121;CP
65122;CP
65123;CP
65124;CP
65125;CP
65126;CP
65127;CP
65128;CP
65129;CP
66010;EU
66011;EU
66012;EU
66014;EU
66015;EU
66016;EU
66017;EU
66018;EU
66019;EU
66020;EU
66021;EU
66022;EU
66023;EU
66026;EU
66030;EU
66031;EU
66032;EU
66033;EU
66034;EU
66036;EU
66037;EU
66038;EU
66040;EU
66041;EU
66042;EU
66043;EU
66044;EU
66045;EU
66046;EU
66047;EU
66050;EU
66051;EU
66052;EU
66054;EU
66100;CP
67010;EU
67012;EU
67013;EU
67014;EU
67015;EU
67017;EU
67019;EU
67020;EU
67021;EU
67022;EU
67023;EU
67024;EU
67025;EU
67026;EU
67027;EU
67028;EU
67029;EU
67030;EU
67031;EU
67032;EU
67033;EU
67034;EU
67035;EU
67036;EU
67037;EU
67038;EU
67039;EU
67040;EU
67041;EU
67043;EU
67044;EU
67045;EU
67046;EU
67047;EU
67048;EU
67049;EU
67050;EU
67051;EU
67052;EU
67053;EU
67054;EU
67055;EU
67056;EU
67057;EU
67058;EU
67059;EU
67060;EU
67061;EU
67062;EU
67063;EU
67064;EU
67066;EU
67067;EU
67068;EU
67069;EU
67100;CP
70010;EU
70011;EU
70013;EU
70014;EU
70015;EU
70016;EU
70017;EU
70018;EU
70019;EU
70020;EU
70021;EU
70022;EU
70023;EU
70024;EU
70025;EU
70026;EU
70027;EU
70028;EU
70029;EU
70032;EU
70033;EU
70037;EU
70038;EU
70042;EU
70043;EU
70044;EU
70054;EU
70056;EU
70121;AM
70122;AM
70123;AM
70124;AM
70125;AM
70126;AM
70127;AM
70128;AM
70129;AM
70131;AM
70132;AM
71010;EU
71011;EU
71012;EU
71013;EU
71014;EU
71015;EU
71016;EU
71017;EU
71018;EU
71019;EU
71020;EU
71021;EU
71022;EU
71023;EU
71024;EU
71025;EU
71026;EU
71027;EU
71028;EU
71029;EU
71030;EU
71031;EU
71032;EU
71033;EU
71034;EU
71035;EU
71036;EU
71037;EU
71038;EU
71039;EU
71040;EU
71041;EU
71042;EU
71043;EU
71045;EU
71047;EU
71048;EU
71051;EU
71121;CP
71122;CP
72012;EU
72013;EU
72014;EU
72015;EU
72017;EU
72018;EU
72019;EU
72020;EU
72021;EU
72022;EU
72023;EU
72024;EU
72025;EU
72026;EU
72027;EU
72028;EU
72029;EU
72100;CP
73010;EU
73011;EU
73012;EU
73013;EU
73014;EU
73015;EU
73016;EU
73017;EU
73018;EU
73019;EU
73020;EU
73021;EU
73022;EU
73023;EU
73024;EU
73025;EU
73026;EU
73027;EU
73028;EU
73029;EU
73030;EU
73031;EU
73032;EU
73033;EU
73034;EU
73035;EU
73036;EU
73037;EU
73038;EU
73039;EU
73040;EU
73041;EU
73042;EU
73043;EU
73044;EU
73045;EU
73046;EU
73047;EU
73048;EU
73049;EU
73050;EU
73051;EU
73052;EU
73053;EU
73054;EU
73055;EU
73056;EU
73057;EU
73058;EU
73059;EU
73100;CP
74010;EU
74011;EU
74012;EU
74013;EU
74014;EU
74015;EU
74016;EU
74017;EU
74018;EU
74019;EU
74020;EU
74021;EU
74022;EU
74023;EU
74024;EU
74025;EU
74026;EU
74027;EU
74028;EU
74121;CP
74122;CP
74123;CP
75010;EU
75011;EU
75012;EU
75013;EU
75014;EU
75015;EU
75016;EU
75017;EU
75018;EU
75019;EU
75020;EU
75021;EU
75022;EU
75023;EU
75024;EU
75025;EU
75026;EU
75027;EU
75028;EU
75029;EU
75100;CP
76011;EU
76012;EU
76013;EU
76014;EU
76015;EU
76016;EU
76017;EU
76121;CP
76123;CP
76125;CP
80010;EU
80011;EU
80012;EU
80013;EU
80014;EU
80016;EU
80017;EU
80018;EU
80019;EU
80020;EU
80021;EU
80022;EU
80023;EU
80024;EU
80025;EU
80026;EU
80027;EU
80028;EU
80029;EU
80030;EU
80031;EU
80032;EU
80033;EU
80034;EU
80035;EU
80036;EU
80038;EU
80039;EU
80040;EU
80041;EU
80042;EU
80044;EU
80045;EU
80046;EU
80047;EU
80048;EU
80049;EU
80050;EU
80051;EU
80053;EU
80054;EU
80055;EU
80056;EU
80057;EU
80058;EU
80059;EU
80060;EU
80061;EU
80062;EU
80063;EU
80065;EU
80066;EU
80067;EU
80069;EU
80070;EU
80071;EU
80072;EU
80073;EU
80074;EU
80075;EU
80076;EU
80077;EU
80078;EU
80079;EU
80081;EU
80121;AM
80122;AM
80123;AM
80124;AM
80125;AM
80126;AM
80127;AM
80128;AM
80129;AM
80131;AM
80132;AM
80133;AM
80134;AM
80135;AM
80136;AM
80137;AM
80138;AM
80139;AM
80141;AM
80142;AM
80143;AM
80144;AM
80145;AM
80146;AM
80147;AM
81010;EU
81011;EU
81012;EU
81013;EU
81014;EU
81016;EU
81017;EU
81020;EU
81021;EU
81022;EU
81023;EU
81024;EU
81025;EU
81027;EU
81028;EU
81030;EU
81031;EU
81032;EU
81033;EU
81034;EU
81035;EU
81036;EU
81037;EU
81038;EU
81039;EU
81040;EU
81041;EU
81042;EU
81043;EU
81044;EU
81046;EU
81047;EU
81049;EU
81050;EU
81051;EU
81052;EU
81053;EU
81054;EU
81055;EU
81056;EU
81057;EU
81058;EU
81059;EU
81100;CP
82010;EU
82011;EU
82013;EU
82014;EU
82015;EU
82016;EU
82017;EU
82018;EU
82019;EU
82020;EU
82021;EU
82022;EU
82023;EU
82024;EU
82025;EU
82026;EU
82027;EU
82028;EU
82029;EU
82030;EU
82031;EU
82032;EU
82033;EU
82034;EU
82036;EU
82037;EU
82038;EU
82100;CP
83010;EU
83011;EU
83012;EU
83013;EU
83014;EU
83015;EU
83016;EU
83017;EU
83018;EU
83020;EU
83021;EU
83022;EU
83023;EU
83024;EU
83025;EU
83027;EU
83028;EU
83029;EU
83030;EU
83031;EU
83032;EU
83034;EU
83035;EU
83036;EU
83037;EU
83038;EU
83039;EU
83040;EU
83041;EU
83042;EU
83043;EU
83044;EU
83045;EU
83046;EU
83047;EU
83048;EU
83049;EU
83050;EU
83051;EU
83052;EU
83053;EU
83054;EU
83055;EU
83056;EU
83057;EU
83058;EU
83059;EU
83100;CP
84010;EU
84011;EU
84012;EU
84013;EU
84014;EU
84015;EU
84016;EU
84017;EU
84018;EU
84019;EU
84020;EU
84021;EU
84022;EU
84023;EU
84024;EU
84025;EU
84026;EU
84027;EU
84028;EU
84029;EU
84030;EU
84031;EU
84032;EU
84033;EU
84034;EU
84035;EU
84036;EU
84037;EU
84038;EU
84039;EU
84040;EU
84042;EU
84043;EU
84044;EU
84045;EU
84046;EU
84047;EU
84048;EU
84049;EU
84050;EU
84051;EU
84052;EU
84053;EU
84055;EU
84056;EU
84057;EU
84059;EU
84060;EU
84061;EU
84062;EU
84065;EU
84066;EU
84067;EU
84068;EU
84069;EU
84070;EU
84073;EU
84074;EU
84075;EU
84076;EU
84077;EU
84078;EU
84079;EU
84080;EU
84081;EU
84082;EU
84083;EU
84084;EU
84085;EU
84086;EU
84087;EU
84088;EU
84090;EU
84091;EU
84092;EU
84095;EU
84096;EU
84098;EU
84099;EU
84121;CP
84122;CP
84123;CP
84124;CP
84125;CP
84126;CP
84127;CP
84128;CP
84129;CP
84131;CP
84132;CP
84133;CP
84134;CP
84135;CP
85010;EU
85011;EU
85012;EU
85013;EU
85014;EU
85015;EU
85016;EU
85017;EU
85018;EU
85020;EU
85021;EU
85022;EU
85023;EU
85024;EU
85025;EU
85026;EU
85027;EU
85028;EU
85029;EU
85030;EU
85031;EU
85032;EU
85033;EU
85034;EU
85035;EU
85036;EU
85037;EU
85038;EU
85039;EU
85040;EU
85042;EU
85043;EU
85044;EU
85046;EU
85047;EU
85048;EU
85049;EU
85050;EU
85051;EU
85052;EU
85053;EU
85054;EU
85055;EU
85056;EU
85057;EU
85058;EU
85059;EU
85100;CP
86010;EU
86011;EU
86012;EU
86013;EU
86014;EU
86015;EU
86016;EU
86017;EU
86018;EU
86019;EU
86020;EU
86021;EU
86022;EU
86023;EU
86024;EU
86025;EU
86026;EU
86027;EU
86028;EU
86029;EU
86030;EU
86031;EU
86032;EU
86033;EU
86034;EU
86035;EU
86036;EU
86037;EU
86038;EU
86039;EU
86040;EU
86041;EU
86042;EU
86043;EU
86044;EU
86045;EU
86046;EU
86047;EU
86048;EU
86049;EU
86070;EU
86071;EU
86072;EU
86073;EU
86074;EU
86075;EU
86077;EU
86078;EU
86079;EU
86080;EU
86081;EU
86082;EU
86083;EU
86084;EU
86085;EU
86086;EU
86087;EU
86088;EU
86089;EU
86090;EU
86091;EU
86092;EU
86093;EU
86094;EU
86095;EU
86096;EU
86097;EU
86100;CP
86170;CP
87010;EU
87011;EU
87012;EU
87013;EU
87014;EU
87015;EU
87016;EU
87017;EU
87018;EU
87019;EU
87020;EU
87021;EU
87022;EU
87023;EU
87024;EU
87026;EU
87027;EU
87028;EU
87029;EU
87030;EU
87031;EU
87032;EU
87033;EU
87034;EU
87035;EU
87036;EU
87037;EU
87038;EU
87040;EU
87041;EU
87042;EU
87043;EU
87044;EU
87045;EU
87046;EU
87047;EU
87048;EU
87050;EU
87051;EU
87052;EU
87053;EU
87054;EU
87055;EU
87056;EU
87057;EU
87058;EU
87059;EU
87060;EU
87061;EU
87062;EU
87064;EU
87066;EU
87069;EU
87070;EU
87071;EU
87072;EU
87073;EU
87074;EU
87075;EU
87076;EU
87100;CP
88020;EU
88021;EU
88022;EU
88024;EU
88025;EU
88040;EU
88041;EU
88042;EU
88044;EU
88045;EU
88046;EU
88047;EU
88049;EU
88050;EU
88051;EU
88054;EU
88055;EU
88056;EU
88060;EU
88062;EU
88064;EU
88065;EU
88067;EU
88068;EU
88069;EU
88070;EU
88071;EU
88100;CP
88811;EU
88812;EU
88813;EU
88814;EU
88815;EU
88816;EU
88817;EU
88818;EU
88819;EU
88821;EU
88822;EU
88823;EU
88824;EU
88825;EU
88831;EU
88832;EU
88833;EU
88834;EU
88835;EU
88836;EU
88837;EU
88838;EU
88841;EU
88842;EU
88900;CP
89010;EU
89011;EU
89012;EU
89013;EU
89014;EU
89015;EU
89016;EU
89017;EU
89018;EU
89020;EU
89021;EU
89022;EU
89023;EU
89024;EU
89025;EU
89026;EU
89027;EU
89028;EU
89029;EU
89030;EU
89031;EU
89032;EU
89033;EU
89034;EU
89035;EU
89036;EU
89037;EU
89038;EU
89039;EU
89040;EU
89041;EU
89042;EU
89043;EU
89044;EU
89045;EU
89046;EU
89047;EU
89048;EU
89049;EU
89050;EU
89052;EU
89054;EU
89056;EU
89057;EU
89058;EU
89060;EU
89062;EU
89063;EU
89064;EU
89065;EU
89069;EU
89121;CP
89122;CP
89123;CP
89124;CP
89125;CP
89126;CP
89127;CP
89128;CP
89129;CP
89131;CP
89132;CP
89133;CP
89134;CP
89135;CP
89812;EU
89813;EU
89814;EU
89815;EU
89816;EU
89817;EU
89818;EU
89819;EU
89821;EU
89822;EU
89823;EU
89824;EU
89831;EU
89832;EU
89833;EU
89834;EU
89841;EU
89842;EU
89843;EU
89844;EU
89851;EU
89852;EU
89853;EU
89861;EU
89862;EU
89863;EU
89864;EU
89866;EU
89867;EU
89868;EU
89900;CP
90010;EU
90011;EU
90012;EU
90013;EU
90014;EU
90015;EU
90016;EU
90017;EU
90018;EU
90019;EU
90020;EU
90021;EU
90022;EU
90023;EU
90024;EU
90025;EU
90026;EU
90027;EU
90028;EU
90029;EU
90030;EU
90031;EU
90032;EU
90033;EU
90034;EU
90035;EU
90036;EU
90037;EU
90038;EU
90039;EU
90040;EU
90041;EU
90042;EU
90043;EU
90044;EU
90045;EU
90046;EU
90047;EU
90048;EU
90049;EU
90051;EU
90052;EU
90054;EU
90072;EU
90082;EU
90088;EU
90121;CP
90123;CP
90124;CP
90125;CP
90126;CP
90127;CP
90128;CP
90129;CP
90131;CP
90133;CP
90134;CP
90135;CP
90136;CP
90138;CP
90139;CP
90141;CP
90142;CP
90143;CP
90144;CP
90145;CP
90146;CP
90147;CP
90149;CP
90151;CP
91010;EU
91011;EU
91012;EU
91013;EU
91014;EU
91015;EU
91016;EU
91017;EU
91018;EU
91019;EU
91020;EU
91021;EU
91022;EU
91023;EU
91024;EU
91025;EU
91026;EU
91027;EU
91028;EU
91029;EU
91030;EU
91031;EU
91032;EU
91100;CP
92010;EU
92011;EU
92012;EU
92013;EU
92014;EU
92015;EU
92016;EU
92017;EU
92018;EU
92019;EU
92020;EU
92021;EU
92022;EU
92023;EU
92024;EU
92025;EU
92026;EU
92027;EU
92028;EU
92029;EU
92031;EU
92035;EU
92038;EU
92044;EU
92100;CP
93010;EU
93011;EU
93012;EU
93013;EU
93014;EU
93015;EU
93016;EU
93017;EU
93018;EU
93019;EU
93100;CP
94010;EU
94011;EU
94012;EU
94013;EU
94014;EU
94015;EU
94016;EU
94017;EU
94018;EU
94019;EU
94028;EU
94100;CP
95010;EU
95011;EU
95012;EU
95013;EU
95014;EU
95015;EU
95016;EU
95017;EU
95018;EU
95019;EU
95020;EU
95021;EU
95022;EU
95024;EU
95025;EU
95027;EU
95028;EU
95029;EU
95030;EU
95031;EU
95032;EU
95033;EU
95034;EU
95035;EU
95036;EU
95037;EU
95038;EU
95039;EU
95040;EU
95041;EU
95042;EU
95043;EU
95044;EU
95045;EU
95046;EU
95047;EU
95048;EU
95049;EU
95055;EU
95058;EU
95121;CP
95122;CP
95123;CP
95124;CP
95125;CP
95126;CP
95127;CP
95128;CP
95129;CP
95131;CP
96010;EU
96011;EU
96012;EU
96013;EU
96014;EU
96015;EU
96016;EU
96017;EU
96018;EU
96019;EU
96026;EU
96100;CP
97010;EU
97011;EU
97012;EU
97013;EU
97014;EU
97015;EU
97016;EU
97017;EU
97018;EU
97019;EU
97100;CP
98020;EU
98021;EU
98022;EU
98023;EU
98025;EU
98026;EU
98027;EU
98028;EU
98029;EU
98030;EU
98031;EU
98032;EU
98033;EU
98034;EU
98035;EU
98036;EU
98037;EU
98038;EU
98039;EU
98040;EU
98041;EU
98042;EU
98043;EU
98044;EU
98045;EU
98046;EU
98047;EU
98048;EU
98049;EU
98050;EU
98051;EU
98053;EU
98054;EU
98055;EU
98056;EU
98057;EU
98058;EU
98059;EU
98060;EU
98061;EU
98062;EU
98063;EU
98064;EU
98065;EU
98066;EU
98067;EU
98068;EU
98069;EU
98070;EU
98071;EU
98072;EU
98073;EU
98074;EU
98075;EU
98076;EU
98077;EU
98078;EU
98079;EU
98121;CP
98122;CP
98123;CP
98124;CP
98125;CP
98126;CP
98127;CP
98128;CP
98129;CP
98131;CP
98132;CP
98133;CP
98134;CP
98135;CP
98136;CP
98137;CP
98138;CP
98139;CP
98141;CP
98142;CP
98143;CP
98144;CP
98145;CP
98146;CP
98147;CP
98148;CP
98149;CP
98151;CP
98152;CP
98153;CP
98154;CP
98155;CP
98156;CP
98157;CP
98158;CP
98161;CP
98162;CP
98163;CP
98164;CP
98165;CP
98166;CP
98167;CP
98168;CP
AFGHANISTAN;ZONE_2
ALBANIA;ZONE_1
ALGERIA;ZONE_1
ANDORRA;ZONE_1
ANGOLA;ZONE_2
ANGUILLA;ZONE_2
ANTIGUA E BARBUDA;ZONE_2
ANTILLE OLANDESI;ZONE_2
ARABIA SAUDITA;ZONE_2
ARGENTINA;ZONE_2
ARMENIA;ZONE_2
ASCENSION;ZONE_2
AUSTRALIA;ZONE_3
AUSTRIA;ZONE_1
AZERBAIJAN;ZONE_2
BAHAMA;ZONE_2
BAHRAIN;ZONE_2
BAHREIN;ZONE_2
BANGLADESH;ZONE_2
BARBADOS;ZONE_2
BELGIO;ZONE_1
BELIZE;ZONE_2
BENIN;ZONE_2
BERMUDA;ZONE_2
BHUTAN;ZONE_2
BIELORUSSIA;ZONE_1
BOLIVIA;ZONE_2
BOSNIA ERZEGOVINA;ZONE_1
BOTSWANA;ZONE_2
BRASILE;ZONE_2
BRUNEI DARUSSALAM;ZONE_2
BULGARIA;ZONE_1
BURKINA FASO;ZONE_2
BURUNDI;ZONE_2
CAMBOGIA;ZONE_2
CAMERUN;ZONE_2
CANADA;ZONE_2
CAPO VERDE;ZONE_2
CIAD;ZONE_2
CILE;ZONE_2
CIPRO;ZONE_1
CITTA' DEL VATICANO;ZONE_1
COLOMBIA;ZONE_2
COMORE;ZONE_2
COSTA D'AVORIO;ZONE_2
COSTA RICA;ZONE_2
COSTARICA;ZONE_2
CROAZIA;ZONE_1
CUBA;ZONE_2
DANIMARCA;ZONE_1
DOMINICA;ZONE_2
EGITTO;ZONE_1
EL SALVADOR;ZONE_2
EMIRATI ARABI UNITI;ZONE_2
EQUADOR;ZONE_2
ERITREA;ZONE_2
ESTONIA;ZONE_1
ETIOPIA;ZONE_2
FEDERAZIONE RUSSA;ZONE_1
RUSSIA;ZONE_1
FILIPPINE;ZONE_2
FINLANDIA;ZONE_1
FRANCIA;ZONE_1
GABON;ZONE_2
GAMBIA;ZONE_2
GEORGIA;ZONE_2
GEORGIA DEL SUD E SANDWICH DEL SUD;ZONE_2
GERMANIA;ZONE_1
GHANA;ZONE_2
GIAMAICA;ZONE_2
GIAPPONE;ZONE_2
GIBILTERRA;ZONE_1
GIBUTI;ZONE_2
GIORDANIA;ZONE_1
GRAN BRETAGNA;ZONE_1
REGNO UNITO;ZONE_1
GRECIA;ZONE_1
GRENADA;ZONE_2
GROENLANDIA;ZONE_2
GUADALUPA;ZONE_2
GUAM;ZONE_3
GUANTANAMO BAY;ZONE_2
GUATEMALA;ZONE_2
GUERNESEY;ZONE_1
GUINEA;ZONE_2
GUINEA BISSAU;ZONE_2
GUINEA EQUATORIALE;ZONE_2
GUYANA;ZONE_2
GUYANA FRANCESE;ZONE_2
HAITI;ZONE_2
HONDURAS;ZONE_2
HONG KONG;ZONE_2
INDIA;ZONE_2
INDONESIA;ZONE_2
IRAN;ZONE_2
IRAQ;ZONE_2
IRLANDA;ZONE_1
ISLANDA;ZONE_1
ISOLA DI MAN;ZONE_1
ISOLE ALAND;ZONE_1
ISOLE CAYMAN;ZONE_2
ISOLE COOK;ZONE_3
ISOLE FALKLAND;ZONE_2
ISOLE FAROE;ZONE_1
ISOLE FIGI;ZONE_3
ISOLE MARIANNES;ZONE_3
ISOLE MARSHALL;ZONE_3
ISOLE SALOMONE;ZONE_3
ISOLE TOKELAU;ZONE_3
ISOLE TURKS E CAICOS;ZONE_2
ISOLE VERGINI AMERICANE;ZONE_2
ISOLE VERGINI BRITANNICHE;ZONE_2
ISRAELE;ZONE_1
JAMAHIRIYA LIBICA;ZONE_1
JERSEY;ZONE_1
KAZAKHSTAN;ZONE_2
KENYA;ZONE_2
KIRIBATI;ZONE_3
KUWAIT;ZONE_2
KYRGYZSTAN;ZONE_2
LAOS;ZONE_2
LESOTHO;ZONE_2
LETTONIA;ZONE_1
LIBANO;ZONE_1
LIBERIA;ZONE_2
LIECHTENSTEIN;ZONE_1
LITUANIA;ZONE_1
LUSSEMBURGO;ZONE_1
MACAO;ZONE_2
MACEDONIA;ZONE_1
MADAGASCAR;ZONE_2
MALAWI;ZONE_2
MALDIVE;ZONE_2
MALESIA;ZONE_2
MALI;ZONE_2
MALTA;ZONE_1
MAROCCO;ZONE_1
MARTINICA;ZONE_2
MAURITANIA;ZONE_2
MAURITIUS;ZONE_2
MAYOTTE;ZONE_2
MESSICO;ZONE_2
MICRONESIA;ZONE_3
MOLDAVIA;ZONE_1
MOLDOVA;ZONE_1
MONGOLIA;ZONE_2
MONTENEGRO;ZONE_1
MONTSERRAT;ZONE_2
MOZAMBICO;ZONE_2
MYANMAR;ZONE_2
NAMIBIA;ZONE_2
NAURU;ZONE_3
NEPAL;ZONE_2
NICARAGUA;ZONE_2
NIGER;ZONE_2
NIGERIA;ZONE_2
NIUE;ZONE_3
NORFOLK;ZONE_3
NORVEGIA;ZONE_1
NUOVA CALEDONIA;ZONE_3
NUOVA ZELANDA;ZONE_3
OLANDA;ZONE_1
PAESI BASSI;ZONE_1
OMAN;ZONE_1
PAKISTAN;ZONE_2
PALAOS;ZONE_3
PANAMA;ZONE_2
PAPUASIA NUOVA GUINEA;ZONE_3
PARAGUAY;ZONE_2
PERU;ZONE_2
PERU';ZONE_2
PITCAIRN;ZONE_3
POLINESIA FRANCESE;ZONE_3
POLONIA;ZONE_1
PORTO RICO;ZONE_2
PORTOGALLO;ZONE_1
PRINCIPATO DI MONACO;ZONE_1
MONACO;ZONE_1
QATAR;ZONE_2
REP REPUBBLICA DI COREA;ZONE_2
REP. DEMOCRATICA POPOLARE DI COREA;ZONE_2
REPUBBLICA CECA;ZONE_1
REPUBBLICA CENTROAFRICANA;ZONE_2
REPUBBLICA DEL CONGO;ZONE_2
REPUBBLICA DEMOCRATICA DEL CONGO;ZONE_2
REPUBBLICA DI COREA;ZONE_2
REPUBBLICA DOMINICANA;ZONE_2
REPUBBLICA POPOLARE CINESE;ZONE_2
REUNION;ZONE_2
ROMANIA;ZONE_1
RUANDA;ZONE_2
SAINT BARTHELEMY;ZONE_2
SAINT CHRISTOPHER E NEVIS;ZONE_2
SAINT KITTIS;ZONE_2
SAINT LUCIA;ZONE_2
SAINT MARTIN;ZONE_2
SAINT PIERRE E MIQUELON;ZONE_2
SAINT VINCENT E LE GRENADINE;ZONE_2
SAMOA AMERICANE;ZONE_3
SAMOA OCCIDENTALI;ZONE_2
SAN MARINO;ZONE_1
REPUBBLICA DI SAN MARINO;ZONE_1
SANT' ELENA;ZONE_2
SAO TOME E PRINCIPE;ZONE_2
SENEGAL;ZONE_2
SERBIA;ZONE_1
SEYCHELLES;ZONE_2
SIERRA LEONE;ZONE_2
SINGAPORE;ZONE_2
SLOVACCHIA;ZONE_1
SLOVENIA;ZONE_1
SPAGNA;ZONE_1
SRI LANKA;ZONE_2
STATI UNITI D'AMERICA;ZONE_2
SUD SUDAN;ZONE_2
SUDAFRICA;ZONE_2
SUDAN;ZONE_2
SURINAME;ZONE_2
SVEZIA;ZONE_1
SVIZZERA;ZONE_1
SWAZILAND;ZONE_2
TADJIKISTAN;ZONE_2
TAILANDIA;ZONE_2
THAILANDIA;ZONE_2
TAIWAN;ZONE_2
TANZANIA;ZONE_2
TERRE AUSTRALI E ANTART. FRANCESI;ZONE_3
TERRIT. BRIT. DELL'OCEANO INDIANO;ZONE_2
TIMOR PORTOGHESE;ZONE_2
TOGO;ZONE_2
TONGA;ZONE_3
TRINIDAD E TOBAGO;ZONE_2
TRISTAN DA CUNHA;ZONE_2
TUNISIA;ZONE_1
TURCHIA;ZONE_1
TURKMENISTAN;ZONE_2
TUVALU;ZONE_3
UCRAINA;ZONE_1
UGANDA;ZONE_2
UNGHERIA;ZONE_1
URUGUAY;ZONE_2
UZBEKISTAN;ZONE_2
VANUATU;ZONE_3
VENEZUELA;ZONE_2
VIET NAM;ZONE_2
WAKE;ZONE_3
WALLIS E FUTUNA;ZONE_3
WALLIS;ZONE_3
ZAMBIA;ZONE_2
ZIMBABWE;ZONE_2
